Years of Experience,Salary
4.941931433381079,9372.711912226705
9.06902390627862,23015.300694345347
8.109229626350285,17039.17891529246
9.807933062931403,19905.398181497225
6.274945419599907,17033.827081891275
12.148902582705206,24040.853172110088
17.4132565125414,41059.757801345026
3.2331052632786283,14506.173073589243
10.83020303592817,22462.243835990383
3.509294020557913,5177.362564423872
14.62033394265928,42047.065880097594
8.525134353338581,17348.91752689114
11.74300492531167,25186.296325111653
4.482316888067494,15029.719613284426
3.7521074275241677,15501.06171765982
10.273069332330136,24264.55419621206
7.756642019149156,22817.25567680459
18.868206959803448,40731.483130124885
15.54117982233234,31226.50632054273
15.224608777160398,42580.80185825594
18.170675055172737,53783.558182001114
2.5850262733983524,18649.900211867553
11.491656928525725,28692.34705281872
12.105045310159609,38377.26742939761
19.27679119239735,45332.09996341463
6.550803009058428,15715.174666100711
5.5757468183934895,18483.391508696874
2.9055849030444585,10339.207274032993
1.31216296223801,2708.7350057474814
18.66105701905162,37830.50418094316
13.72841438522729,36467.08746415716
15.917905328439618,27603.15074855587
6.352872009325033,20726.42772086349
12.141793157540206,21135.66830133822
2.2151500562986413,-1175.5821119148968
10.226924322757835,16259.615626723178
19.572407655144488,53978.635169962676
17.653599661015225,39326.02949731274
7.425020084900067,20282.95607062723
19.269832936288473,50635.9411021317
5.402330902952886,20475.560548404395
19.037057625897948,36116.5889047748
18.886176389423476,47117.38449294076
16.184849159695442,38290.60464290861
12.978510800469031,29248.63111295866
17.611471365873992,40344.39730243689
6.567385405648137,24533.83091443638
17.129927550945446,34830.02269168613
12.739657146432952,32483.74268838651
1.2515002974190903,7454.714412173638
7.597436840712172,11209.050604446253
3.8146763580151357,8618.086857376216
19.65475840654681,45275.584579262104
10.089035833759773,31664.782112984
10.450435944474592,30907.52697568283
13.149977811575749,34286.01814516862
8.003107516462734,16929.83672724317
3.6011051620263794,21208.28027809543
16.620236930690666,39316.676199579386
4.607110326152402,9182.393043912052
10.715060668382664,25515.596432480575
5.262023550520046,20005.28922782089
2.859045205386647,10756.177902364083
17.381638831011983,44197.601094937774
19.485470291439476,49489.410370189704
19.255858503197004,45514.370429387534
18.2245544852024,37160.59585517033
15.706899321274136,37091.07195849818
7.329757888544196,19885.345056782546
2.5409264097719384,19378.58448880202
8.73758225686234,14343.554824590527
5.412448701247912,15150.785147024053
3.5172650604016766,9114.062386828755
2.01511645394968,10705.761008879355
14.786292920000996,22384.764044005213
1.2171217138755894,13008.866225202579
15.641034221552749,36350.81087978317
3.791986262607126,3360.4667070740215
2.510919569148359,8216.273464597387
2.7024576505335025,13449.727009339626
13.768908339724375,24580.577302158592
5.661976987204051,16340.065056623882
8.990249866921872,17693.131494836092
11.590007035154422,25400.088910914008
17.350472302747082,39834.63651886735
14.813840991515237,35544.93325093835
6.136230199535579,14918.747908157518
3.4981731865314245,13360.32832071417
2.052112088002761,13194.112212279551
6.730374055137907,17066.176734759614
5.980244835553886,24118.32845835423
9.666670769209114,31644.412392320326
13.982345375405929,30821.180422882717
14.216883467138286,30244.564151908653
6.386858085061166,9452.851244291463
8.21861216210229,20804.37766600763
4.441868273001157,12066.547645422057
15.982364733823855,40859.985568312666
2.080113452231566,1611.9188741216385
14.24294759277476,32098.938226833976
15.795212522880965,41434.147011317655
15.77074367512631,32889.701872462814
5.9290287225617435,13046.24976148544
8.102449620718668,13970.197567658292
12.16439306873139,42431.655367553976
6.183616146064874,13629.866401802848
8.046203185139886,14590.672209188077
4.744031323527153,10468.810626896706
9.73726179136414,20603.04818029426
1.8476337238281677,7348.318555400134
16.19612180684174,41519.104774121064
2.462172492746022,8432.729140512874
10.857867827798994,22101.61908061385
6.829391891358727,11402.091291762326
11.973316027796134,29055.918846691624
19.229233475835077,43671.16232181911
13.265834644664073,39186.331044472274
1.6718862793543274,8806.011236057699
9.177646350653163,22860.251144885937
10.690320194046754,21127.371205156058
11.187372399365588,25844.981923239215
13.94645770147292,30700.543112772815
6.274325856903555,15697.830891238598
3.4483507438600833,7100.424524517224
8.460837854394793,24613.32372517047
19.171708733123026,42631.190378699204
4.55548694326605,13109.206486507164
18.175695143636503,32781.159707028026
11.332313051469201,30132.846540562725
9.68131701126955,26797.710652440997
17.758786794367904,36321.92657452474
9.713475273603132,29377.55746660223
14.759185095619323,27694.579040826484
8.581481112358938,22053.61268077248
18.176843465118196,39997.65023078557
14.11047538363332,26635.076823237665
14.292819030759818,34534.15112191962
7.226687629585259,27966.226020379476
15.378794212000894,36095.75957433639
13.085160053495684,28855.211336446115
5.560385194214481,18355.891172857355
4.050237627219872,13629.075231775518
16.131438015829303,37401.68668978611
19.224165457669226,41320.61985148121
9.704637717940814,31519.153232343953
12.228699141150013,31739.215099703953
17.296730239677537,36950.10718467763
9.687245613723285,23834.472043541777
19.085615059821986,39466.89659862361
11.939272078852577,25837.088407297677
16.594575293324986,34985.52196569898
18.26803064984203,35864.50333107292
16.494952556602808,41876.289932045394
4.028874805530163,11602.542294695195
12.949070342172307,33668.77857597846
8.570250913773865,18789.87233891125
2.1915460884435682,9081.279704925444
9.056612785906998,19558.02258785844
5.914997270898747,20428.335394484155
17.131727860141705,38021.35918675822
1.6327879043872278,4611.207879017527
19.220671715406,35232.82728676307
7.7520081209666625,21882.348988637197
7.7774309176483145,17012.936573606094
1.31024155099045,7541.587016375924
4.5194141794874945,11580.17781890735
8.623930515268565,27018.808935030953
18.656536928751564,45033.79761929317
2.892683674204155,13021.427785682466
18.96072913610251,39840.85265558763
17.52028208038601,42372.014378522974
9.629085541243484,32832.32912586718
7.207316753596941,15253.70333644357
5.42213845630208,16705.972608750104
12.674829423060613,22103.573974035564
1.628417238034607,15249.644936696892
1.296515224489736,5603.469956025266
9.147118727466518,27207.131859142923
2.293407405519684,970.6735574577524
5.786878776675765,25561.454488981053
5.202057391575593,13619.757143023195
5.810632680734186,19349.551978818512
3.4900493930898975,12734.189817842764
1.2286882350554311,6180.022539172015
3.1942016456362134,19817.364804568944
12.75112493074221,22262.01882965352
19.510868043542956,45515.30438704596
19.816555029656985,49186.33842046382
8.77202781208817,22394.77501599451
4.096134094885502,12601.414267938046
13.136473389964056,30559.508219560787
10.315801584426005,19493.42106679997
19.798785768404198,44788.20845728307
2.2407799358838236,12045.147489129642
15.88145432796245,37105.9047933282
6.479571449298384,16597.762392871366
5.5869537814549055,13725.282451044677
13.587586859120844,30778.690371849825
5.675200514828325,22639.12211713684
13.651323233624566,21869.471570146423
10.828861826843486,26858.08093642585
9.057690780281137,21476.60697408019
11.53906836456696,35357.17648831814
6.453978878472965,18185.41888416494
14.4249194191866,41274.46683187297
8.882280517337716,12145.110944447633
7.850365649231953,22998.655822634188
16.744481376559015,39889.25205330643
18.57437132711065,49101.41248959099
1.8741389068586416,541.5347696021363
5.4199128637655445,15064.64668693946
7.6218680203587015,20574.03734964987
16.4843631080347,35489.748743343356
19.724337125222654,50531.56281916001
19.410462388736683,42127.51385024638
18.194018565448612,51561.84985100299
6.6345690362165675,23540.02761712775
19.848213624875008,49450.59573476901
5.738980780072573,19274.456467099564
3.0122169427624117,5705.955930397085
19.06809961005249,40980.71753255119
5.4349848538938295,18733.72654207374
14.105597036477258,36598.9792408931
2.1087708206311846,15753.460866668656
14.883472883422048,32429.740718714565
17.752684034342955,36204.60114406259
6.176301013853288,21648.122991634227
8.202081025471141,17356.02917074172
8.111627483097404,25589.81414654687
15.22697689326253,41452.63466860025
5.518337608241738,18317.440395618753
4.265208881905217,11742.522603967444
9.536541325067024,24278.493780853445
6.78489974016907,21537.129078354337
16.944593322914393,38940.11423938915
5.517094694297136,27025.671081946737
10.545399692295968,21137.44473145619
18.909088394260678,37804.8338516724
13.045956257148553,26207.43558062048
17.47849870378683,37009.097794847585
18.86398409774058,31833.310594506613
15.264532375840687,32380.81261698047
14.291926144270276,30317.42877890111
19.391345765480313,44175.261656831506
19.89361500330591,46876.23292264222
9.584611970725433,17968.142259412016
2.346525785499959,14193.32278482028
6.563086597369859,27137.38434369245
3.894739408066879,11748.053300658776
8.932241121124225,30736.33842962631
3.4944972409918647,12983.941954009668
12.478238276396757,39900.13614577047
8.273353123999229,27133.123576439408
18.01233180147599,33205.14042875315
19.388098764171534,43869.334381649845
11.390813131719021,33053.25113795843
6.221647827484335,17596.028560171755
12.252377956474898,29320.338258724463
18.038462006263785,47425.74776409909
8.727933570879216,18906.596231027914
11.489487257147447,28066.552580685984
6.161402584516772,18940.933992079135
9.653438839550512,22637.922877333203
8.632557172212374,22164.468825037064
5.71985583657645,20314.827989273756
10.61146129268086,28387.110692861686
6.897235693616417,14750.883727335167
8.087662413734202,15654.704898472097
10.974438402831021,23003.365904378792
15.261305435650762,35528.85315024396
7.336641850034232,18873.584761283248
18.559016565794508,37958.24566550339
17.384052389882147,36777.35251718187
1.9251156235350422,1250.034821109767
5.819207960879632,18727.684437845895
9.476574740524837,23753.05585429151
2.9879298861070076,4676.9230551876635
7.621043791636445,20385.190104211804
15.061852986735968,41836.816026023705
13.92977514171369,29159.87101860108
12.825304142754092,37226.296614113046
14.500039651724567,32382.791941032017
4.893550052234334,15776.240943718007
7.49226418242991,20473.282376970747
13.848607163271794,39704.831406569814
17.705460497595215,41203.09022911809
11.329883022733808,21950.258949448384
6.371293367965196,11187.73488372433
1.5744699021136692,484.33453707669923
14.496399750510054,25432.948680549005
1.1497979666603673,7530.271228099159
8.080902326598915,16369.932252065024
11.080207076692854,26756.356088667002
18.52011777357667,38520.9403672011
2.7003963556251023,6546.871207717378
8.71290411739739,20021.581530431133
1.4619507944929977,11441.829362202936
7.509608702490216,24664.943143823886
12.822390117956104,32500.642999157404
6.302291016343369,12655.469284951145
4.985249043457067,18188.65446418083
3.1983614332147794,14841.20619946922
11.965664636386494,30304.565290835213
14.210130112189034,30402.158044282616
13.767185671320625,36078.66921947695
19.02835939368964,45170.811660762585
1.0513610639765512,-8481.560830042528
13.296736423986685,34815.733015028585
12.40745250485515,20246.191655402767
12.186052589435475,32689.913061827858
19.292636076964605,42814.91016180503
1.3205617940307541,13609.181991807498
14.233166183327551,32975.52631062545
16.459894344335403,33486.71738839024
10.686336735810098,25635.90514870598
7.345332522339374,24989.69651934762
16.02596310132069,37183.15929194931
2.8476155870160684,10123.555374670254
9.39867711686858,27515.12181127884
10.879095116845926,27809.987066840917
14.185171807756403,33340.70658634664
2.7268289086157798,17283.958159248217
5.327430529219358,23430.431218734055
8.795729691112387,25658.09051386828
12.842598787382482,29255.401817339098
17.852254843130932,48189.064653866
12.757697196586154,36430.99217983084
3.5357679477637545,15666.021723168966
19.631022522958364,38181.66214218742
17.563928960354367,40831.21743724854
10.551694461761157,22385.02805001795
18.524611654136027,41254.16205050026
11.28623508138558,28772.754809254755
18.5428152898941,42586.42762024132
16.76805000346352,36160.2244777808
19.39744179559165,50159.652335782856
18.47587340478501,33471.090475412304
1.6846425311428201,12020.202717933713
4.320668079057859,4353.919800143029
8.393558864922529,23700.10841346237
19.090711248612994,38746.900865806616
6.700549470042662,22792.617728747977
4.04888523386442,13530.033087766806
17.83978865564464,41918.1092036234
9.481493894180856,18871.591160527456
18.249636292732195,38226.42191047647
4.0443788600827215,14124.84468722021
13.56123271865389,35040.315071854304
9.365011303760344,38375.503816339995
2.4532486115754226,11020.788838668279
14.232799748397511,38345.78712363965
5.70057635524392,8616.483047941538
1.7526949290108367,1855.930551351359
2.138941666741892,7500.409460441524
2.1604922042689596,3333.8459303450873
18.24692619221575,48925.84865176342
15.05779443875292,33064.4954136042
18.063184787060965,48037.279016087625
13.779063914633905,39992.04019969596
11.04985865158678,27313.61590259139
6.784480922600187,21077.960614238567
19.961282775244797,44642.06818378508
7.881592119848397,23455.36924146949
9.94233003506428,27301.36932903142
8.186658323545775,20755.068517631396
19.611011657373712,46746.87322206163
4.318509322505109,22255.50002334653
7.231772017253514,23028.625183061715
13.92662465428503,34482.247376773186
2.200944748433982,10025.737102084026
12.53773810621928,25012.110593595604
10.075283554651906,20014.082723926498
6.395999558479921,19408.781774361138
5.529852337557102,9212.749054878419
10.775742122676379,22719.84625053484
7.990624030203786,27388.80476222824
9.673877933990452,33918.90435329497
7.412070253520558,11494.360123052524
19.439380178323574,52012.008168155066
3.5353492031664766,11013.50695210517
2.83927511038911,10603.524785621395
7.524442847027405,19481.82754084114
12.229511116539333,34861.7428682061
13.524352965150538,24010.323035085188
8.547878196192798,24376.574449161264
19.98628188452125,40248.21278210245
7.68596692766781,23225.87650224349
14.706726691239096,42127.43507394345
13.114071196085064,31226.05576010703
16.448023401701754,39766.82223325752
19.54828760562258,46144.33410243362
17.906079472465265,36814.19144657808
15.526677512796462,43611.55177501452
14.266721078547521,42065.78339339999
7.374465223842093,23257.84730826933
3.8060259859274397,12978.479131893106
2.1900840581363856,7070.699039501347
5.596132379828211,13059.813643910984
9.213348142444673,31980.879197622624
10.917929198969667,33907.93361158445
15.68858752704256,36058.86761013737
19.216077538075268,35532.50242779492
3.2290891273114095,-2701.881094922117
3.0330786636820397,5649.02402604268
12.204199737257465,28755.297494539333
15.162563404998567,42328.57198221214
17.11485722659271,35971.43340789652
18.780809524118983,45085.696329940474
19.6850986029522,50886.10201414656
8.59623215226599,22835.145888812225
8.22636848702389,20740.497630103575
3.808364857248175,6072.912143303311
14.01375433498763,27015.132128953093
13.478477210375905,34037.45259283092
17.379189321172937,38753.84097634124
2.847901900965172,11308.460390196851
10.457761248681495,25679.13391888175
12.040556663769198,32401.83357433165
5.589583760758449,12255.730464369672
4.211482716454064,11745.062214992293
17.332035891972808,49144.98292711134
2.112163522475617,5225.396353022381
9.941797174443385,23475.71719488626
3.2008460247168204,8454.758539540795
9.684116465295979,26592.13974262821
19.619284200503877,49350.5300132181
9.050420715653983,20609.78333837742
17.28537343258678,37413.675159650134
3.2289957194806838,10063.083412446216
6.153789458475418,19956.747834325623
8.672062072679356,18647.147632807737
8.596430660177283,20313.061490498272
13.756286094732909,20651.60283190074
7.549644420134646,13190.563792794364
14.56157049979031,33560.92221948418
13.144551085282458,35778.42303658053
8.584061759840688,23643.502436190687
9.203442425432065,17913.042567527635
12.676026296396094,23350.77155215248
2.330801612748248,10535.00368998734
16.625728028758118,29987.43784625202
13.4150020611591,37159.63821590265
14.80050682393887,34920.49460612863
11.201537020565418,19366.473244960547
3.09906510884315,6368.360923476951
8.69567665264205,18769.796709128485
8.702098074122565,18538.233597127935
7.099816810821121,11749.96858053478
1.569056173190238,3764.79973643625
15.00783060933307,31593.653437964007
3.0859047031875133,7615.380628322835
12.519854527856618,35679.49218038014
14.361132432877099,34246.40387989028
13.0609401357402,26155.59418429264
19.223702787581523,41774.29754539243
2.962664946617634,6527.544406678346
17.476176022998782,38452.31875093878
1.5546144621293518,12486.77468996562
11.163420243614596,28588.194390289817
8.680628740845917,33789.26338933217
10.959493347481406,28798.62382380021
7.9368976641401865,16305.822778394837
4.6207713838612925,18290.24642179482
1.3633350515251057,13126.32618876289
10.844846462032312,32160.527881284343
17.012760391012005,33554.316016848556
8.09110315915109,20444.01924572799
5.234412542284624,21127.884868711513
2.5301080659650377,1636.57133756037
2.620907539255364,7744.731273400537
5.206532479562672,8278.376531990387
2.9002671575095484,6137.68316553403
6.035754268925158,12009.222774131285
2.2568397802221396,15766.528723161453
2.2464924769885872,8320.294779433423
17.269247412832858,35221.7169189568
4.080284953467832,7982.54125001319
11.633965710645512,28976.267245648676
15.69565534453158,36335.63255235983
9.671781741442265,31063.935356251663
3.914008679327569,15328.10083794165
4.792326700282173,7425.6645102391585
9.226699919342433,20308.496300728522
11.03644769439218,32423.257949139246
7.639365548922163,17173.317609337442
15.848112404458565,45369.08568353568
15.26941132827157,30047.375499919406
18.61702434008924,45097.11544538243
1.5500984315122501,3794.1190960312924
18.018134532993866,38488.29340125595
8.45880698078087,27410.522202717475
17.689077412219888,39742.81901024719
14.124910746974061,37317.08271951866
19.759626384405397,46885.705743384795
15.426366582616694,39622.061583044895
7.926347893938946,16411.754732450325
10.52020028386029,24932.528576700577
8.151393948692673,23424.0509878897
7.9333248844035245,16621.285405338745
5.957185488240135,25061.871192641913
10.423435612095922,21960.73101341617
13.953058956317863,31406.100027946748
6.269465154799627,12506.134985628063
10.96321641046718,16209.892494740916
3.2302255892405864,20445.043791355813
4.037060450229635,12052.426215944035
1.8893207395315863,6539.06728698547
19.443897412642023,42894.21951693005
1.0733466786949608,14246.0132183721
4.39301939309547,8960.505745868853
12.644468309222855,33686.775947271126
2.546022378212801,7973.103513678221
17.756033558839814,37528.71283998808
14.672782999003475,37180.85706060786
19.361409457319976,48664.02178335344
10.645075397574532,23720.636043749488
6.707669980011257,14571.094161648467
11.440510883110157,22035.543029610177
18.68555562866149,47888.630090964856
10.89446730759535,23912.654641160112
6.076933605384054,7908.213574390853
17.670576994308274,47390.91468059728
8.066456221736765,14283.614933708817
1.0262836499809835,10949.869956257275
5.706015427354003,17329.17408804563
7.046436674364186,20532.450509804763
17.31677189640614,36711.667416255674
9.711560174262456,26251.07764964809
9.447158468414715,15555.417472408242
7.38594306159786,22712.074866894785
17.73288433789451,48250.81888344982
18.955508761867435,47331.1535108665
19.845916253937958,34594.132080942305
8.158084072258749,16395.123133153258
19.356801466916256,42774.62832395847
16.045711822987126,39526.110170673914
13.83809380524107,32142.924242181012
5.652900108981889,13839.72828241129
5.112687957939986,18201.877454341437
4.154908665903667,19130.576162932168
18.53237559428194,40903.281152630894
6.587456585280156,21819.56250748651
9.60879066352869,11322.327601110008
10.385198845757246,21082.850760970847
15.78526031355483,34964.225941819604
17.04046426950746,36638.0974352418
3.6423813218236436,13948.753730669561
9.1111828440104,28291.118425512104
17.014242868873687,41561.830867889315
16.54263280936093,34974.13825994658
2.9458614105959118,3277.882368670893
3.9712836284912973,15727.38785987703
6.7797751403887485,9368.666582427437
2.431822312583466,13128.831042199075
9.068597053971265,22194.948697292188
3.0447363978420565,5210.297855992968
11.796134279727056,30028.555121788075
5.684581856411966,16354.783199528927
12.33222824164283,29481.47001870443
3.2329872151691155,11044.857947701263
19.541793499952135,46181.20754203498
18.718662873289468,47059.49585637148
8.44414183272865,24371.359657876557
5.601393288395624,21263.452525902794
5.757566044217882,16294.433494196732
10.184477168845449,33461.25095885077
1.7598632361136224,11375.275582876358
13.154397015427413,28590.32388244094
8.757755258455152,17046.03523323828
8.17072487918886,22370.433777048118
16.377934458294767,31223.26130197653
14.47167374348251,29076.467649181282
19.13234249246115,44460.120386790295
7.686788569418123,17334.139907426477
18.053312528338704,36440.0438555428
15.62937653875169,36086.37784706139
7.7910683802995475,20945.526256118046
12.811643292611897,29594.116459130106
6.482829195382216,16077.923795467988
17.613598424422005,44500.410492406256
3.1361190270339137,12984.374810501966
5.036252864586779,13955.37516820008
4.477632549518502,26276.87476661383
8.657494045681485,23284.146776005036
15.159426240610454,40978.87814960755
11.011241531991427,24217.57804832407
10.265850147225944,18716.995558411836
1.0103733330429174,3061.9640878685136
9.082632781746039,21825.216646501518
2.20752172188701,6932.002395126434
4.956811790308192,21595.554492230352
18.715484840249392,41830.764070018246
5.092565882521526,17492.476152248753
17.30841513405099,39384.424487937526
16.25497405966535,35342.17645566486
4.023778501902614,13237.537071072804
12.508527188135298,38587.31172512426
3.197575566195253,7555.408173706432
14.829875009020718,38494.70227083919
13.111783270071927,26093.530282014945
16.426832672129365,35555.53313291153
10.108306438394573,25234.528906562064
18.382398668834274,43396.672786303505
1.9376299889803543,16290.903117829777
6.564882735513279,17879.35226370388
14.585999351838174,29953.92067099672
8.944075023212015,26138.35991167788
4.286075731151971,11751.302417725163
3.0370041631423748,12267.416180943927
16.529443117770807,37477.774037852854
9.989716590847241,15262.14892526037
17.76338976646304,43068.275460895944
14.932493552017794,37781.82713814208
8.784797906984128,27202.619655511284
8.09670926895799,30195.73235021712
10.797128586373784,20618.73830543019
17.892139110604845,43366.815442618485
15.00829301456919,37063.061012343154
1.0979063211114415,5100.402678183773
14.188999176013386,35363.529534275665
18.470640731210594,44439.51623798102
14.49865943058534,27903.899711284696
4.363109849782422,14957.333505947005
10.186844421121716,20783.767312220352
3.6660043405449687,9072.726181436985
7.8209102884530095,11768.096500962769
18.805223796869836,40243.64296622728
18.54280084361546,41067.748329863534
6.373900191345575,20497.084719173105
7.452989839157784,19910.479311671104
12.404044494494585,22096.648234990775
19.30074860994722,47912.23750431577
3.808225347242418,12023.517576734375
5.881416230046713,19204.685412241713
17.597579718524656,45024.84002934782
10.345952402458545,32804.92854976226
18.080260752313603,50966.65645145228
4.524840052940349,13688.486312522358
11.120703161955854,28797.028554379976
7.1991230203380745,14006.44058659225
7.014308637957045,24336.618126090394
9.490662314977783,18056.887407096718
9.2284715329241,14430.684622696097
7.789590713881134,24731.111454464226
18.384444635996754,39160.40664725444
14.903139523224963,38694.31545316113
14.823392835299064,36687.15891732897
6.508355542247153,9866.697829375762
11.976479062019967,15354.561302426862
15.804409232734846,31125.809730006098
16.11621700232105,37314.89143954642
7.546078754331933,13983.27583519001
15.646582374804309,33029.35750286506
14.981984039346926,27669.264425707228
3.688623226816105,13226.636252616834
17.452963902763067,40360.05744070776
9.385107933427806,21363.252746617443
10.241798528884644,32468.923564337998
9.519014399061948,31526.603934721716
11.789074028072642,31404.48406882754
12.80221569997404,21605.575492614356
10.465411749495924,20407.3727629638
17.468982321922816,41973.61629926187
12.926960367710404,27711.13283419786
8.62713103680488,19818.80491505064
8.917143381265507,27329.123735471316
16.405933687450077,40366.24148436224
7.615646912183882,26802.065993437507
5.017641119865857,12889.235756499327
2.1282805721099955,16132.688246454478
17.64451011049091,37518.36398555939
18.45238257261665,49402.222595927116
3.2822834611060436,12093.74014029598
7.3550010884261825,15407.453441304326
4.332069320789634,5508.0411033116025
3.2020709076917147,9896.780241074963
18.097468117000574,39913.772744023954
2.080667923761754,13449.645398135766
19.62922760591113,43705.50269778122
2.832566353250299,8502.972813608374
17.40594233467813,45197.072034093944
11.763616032794092,27403.099259237428
7.990432268539594,18099.655455944674
7.504505155877999,22882.054898218863
15.389918721516466,33330.69634879659
6.976892605081457,22247.79591862048
13.489059415725695,28993.533272535416
10.829195586805522,25543.595258759146
10.21434725800334,26189.57939394801
18.12208124233407,39373.530883346604
11.538256113784932,28009.254880782915
16.710370457925205,42498.10076205071
14.7858971479283,36624.80325245683
1.7325876751209686,10870.024600415056
15.689090997602964,33201.029802109595
5.120534751729773,19505.218344831388
18.159843290179857,44667.49828290513
1.8155596215678083,13653.215204443743
7.328368655012056,16024.908149093602
2.894925997460326,9927.559011513367
10.036193224612031,28240.055961526064
16.580426281525284,35116.77697596491
6.665559833598218,17200.507318376654
3.86776304890979,22364.554785117216
7.2750736782410845,29308.952417821238
16.463722696492084,44127.14814212097
3.6672951981875905,17027.516077624023
5.319886532472534,10543.51731741942
2.3081873253741048,12179.185807878821
14.408490835802546,32021.398696275664
8.509431627190398,16726.00376635396
6.905959565723005,16266.88993848941
14.653901416481887,34886.128203195505
7.383573304464849,17030.368737436365
14.827654191073943,31901.311253613687
16.488788510971958,41937.78451405879
5.1355940256970305,15991.72047701022
19.502555240073683,45172.40087845895
4.084801010340669,13728.96400516283
6.525977226478108,14673.438736097964
4.416110525837291,6979.36146187114
7.564607470770355,21682.038493643104
10.121156868594356,22707.130576561496
10.921341511040263,16788.771679151134
17.21851480362917,37474.193317432575
17.899510267501466,35337.93082829981
5.181973354837221,18857.19788121322
12.834986611529297,33278.0993592603
3.118425088675596,13721.315901543541
9.720427343459297,21115.64659612514
7.124337222885744,22906.43235508226
7.013514163618522,20625.27724290741
10.169100592529919,23288.92849286074
14.866725075056083,32466.762989419585
2.3144705170554003,14092.481798479303
17.704293416060686,38040.56654730308
14.96146171798066,36441.20580359271
4.353488388892142,18876.7617118482
18.844057272660038,52234.82767310562
10.619932256444383,34559.230135077414
19.99636298422234,49496.83978948983
4.747930011714015,6966.303265571094
11.163255769280825,23881.269391471797
6.51471280863864,15288.989679914603
6.779297590395685,26824.344343617973
12.230242235845813,25963.894766831174
18.51266227054583,43956.15642658351
16.300013256004327,38104.361828295216
14.754886571525192,29834.137095862665
11.624301859932341,30157.7237679616
18.523671569681508,44038.823570350476
10.3548667271268,19430.85904554609
17.602811388359644,46320.01001198634
16.845651233656003,28258.75232303607
5.062871589230145,12171.95741391048
15.653283796352294,41166.419062032466
1.2312519819219165,1496.2147964736369
7.1337612134136625,21018.852024637472
5.3617814491470455,9241.76095691694
10.630396211258955,25795.671700296793
15.000210071934925,23431.55457800885
2.8558509815067583,6498.843454448476
10.7835218367986,18852.43643782575
18.829828412193326,40650.838113754144
5.344284468675965,13612.411958243643
13.865681738117058,29363.042619688415
12.264725144841993,33519.016272517714
1.1912102174657733,2948.022415574357
10.040697721287232,28253.32880851972
14.466637427879924,42079.653705554156
1.8355332084577214,9366.387168438856
17.71090817745087,36133.465332024745
10.881546916077788,20516.401257847865
1.5825599181886405,4616.1943357797845
5.2638586264959635,19050.930856741383
19.119838232118948,44017.63013908239
12.06407492798905,33812.12593724805
3.0419787876072863,14935.611971850632
6.463345543330669,18630.74434605252
9.6773688913492,26722.179091030714
1.3980513160868788,17072.333679276155
8.820694758661418,29719.670648196236
10.299714073259265,24085.698061997264
5.629879630343412,21208.156470366273
12.184141005547744,32297.536040185165
15.31156227225136,41305.064932201414
5.480850258007074,19319.783376193696
12.789498105319765,25708.15903542458
13.15282261631109,23207.22240575868
19.02226572144798,45907.66652892139
15.787247178632432,46087.585349114015
17.118560126010113,35358.799712320375
10.317978260289228,24695.507830330207
4.521623152608274,8864.507674240485
19.920490566233067,50730.128655994435
3.4577594597352928,389.68464425298225
9.957689067731042,13597.076630283042
2.2937688856000253,11462.637370300818
18.93316628966557,42454.614345374386
19.33357387612035,41269.03267687167
14.668392178075498,32831.31042353393
7.64986402897321,22984.66763022823
5.833265621234863,14597.511297221401
6.0407631662039005,11596.901473742233
3.4185864829814196,7200.358325598008
10.990370108457736,31422.434526899684
3.694528238328073,9765.346701845045
7.017882664515669,12109.377410195348
12.907423043222993,31325.73772116584
14.823328582224246,37171.63077334855
1.461181387819163,14567.166513404445
9.172203703158058,24433.924341924463
13.39036730200064,28482.178367952933
17.211673547011745,41793.38643040864
10.031170862029565,28698.21607416131
19.41491156263602,43635.29659195301
6.047018403287498,16871.039842947128
1.2566654259076588,8813.995376509156
10.191304429332988,25033.326367385052
5.866162105380341,17982.89374517631
16.650635768440218,33191.704914745795
5.422680771441129,10093.172693789711
6.90195514753482,14623.353397565796
16.033321189363136,40277.697095373405
14.58772178848184,35469.43141366672
11.602973496487987,33407.14181422377
14.39401317653243,32854.57174249182
8.954100407830502,17189.993836451755
1.100890904678688,12924.549485780166
1.2157474417316587,7337.6596057638535
10.713213963900046,32843.703109132715
2.5825286146609856,13154.789686282873
1.9704341232158789,19883.961640545942
19.344816143611993,42590.76735865717
17.321050153503112,44145.71983245212
3.8885173169818206,17233.85516572836
1.0126201532138852,4249.608578955521
18.891688112405372,41920.96463927594
6.288180668082172,10267.669625080729
4.532054454254452,6320.128223495576
14.13865404879917,33910.152105252215
3.069171037985198,15103.377429457532
6.0283423620532055,20246.804891583684
19.526798924028885,45753.72083935603
13.149792715006194,35614.67119576785
10.892878038168517,23837.26709784041
8.560453681863816,20758.24362128883
15.715518142799839,40118.64385266909
3.678192053950181,14521.977755145028
19.379418238702662,42707.89240842152
17.36133715324995,46326.64623713947
12.735482668815623,24010.95908239561
1.8152176176486052,6037.041798854249
14.316257339507017,32215.525806732767
18.352402476824135,45787.479352517126
10.966964282093894,26945.854553763962
7.730271614717993,14153.08449548291
3.285269554609923,14140.560008300163
15.343120978613797,41123.97353456207
17.815415173024316,44327.35301171376
2.904783137441123,13905.340882909692
15.420706540294496,26469.845596883646
1.3241492389228526,3148.8660941282833
19.374043443467173,46158.48993029535
12.686102392066827,30097.763860361712
11.49634212084103,30605.472251676118
6.623046838189628,11914.380291564485
18.656541759825885,42005.609698227345
6.05220691939903,10155.508744317027
16.734785651117203,28701.178489137375
19.717064907405508,45913.02525734545
15.88453626478131,40982.01651184752
10.860808487342204,27949.69911419329
2.2554110131817664,9345.839625040204
9.975861994250387,17141.652279354443
9.326862992462367,28684.261320412472
4.853124782552909,14486.025078226112
9.048165097571784,32894.140221172405
7.7973997975264355,25306.371136437705
4.110000961881321,3194.374790501901
9.386108723317237,27547.465847913914
5.993199170165292,10003.722152464798
10.919185992963023,23040.894533780724
1.6680411346076895,7082.298885414632
18.2183969759584,40966.48170010378
16.510921804877263,40009.66968784186
11.499045317699586,22883.815431378105
17.18436307238762,33615.266123492
19.285506402405208,46574.038813475796
3.099923587000551,11133.595834330969
12.985804359786272,31843.473963080174
19.961886017777513,33955.355277081726
19.769894217336997,43654.10151809738
12.463136853524148,25472.627791740815
3.432396538565517,7261.661212046688
12.080663788820036,33771.00159876296
1.0392280759140125,1600.1000069654629
4.779315358670333,9094.147685710515
19.16634003163924,41677.62704626975
7.278370879454034,21808.185912144785
13.129412009762023,26838.750370783615
6.3363303980126116,23843.38097492553
19.0086158551202,50266.469337046496
14.842615869040248,30277.996405738177
7.26337199404684,18301.335210209403
16.043467002427047,33193.55664156603
3.0551449650504154,2683.3794057446958
8.454059861243728,23423.174974768244
5.203144426900254,19074.263194947358
13.990802498244879,43040.92631212256
2.9464793536666773,6405.91118917667
8.543490813370807,28768.157080804718
6.256344873974602,24224.45820423897
10.620515467152279,27230.297482140326
7.648055929573699,23306.92930702772
14.421800975673209,38209.96719284994
1.4669634618323553,17804.42666487421
13.045751504812243,33480.54582270683
5.38085450418258,15461.019580846734
6.105471546380137,12880.099097722912
16.20485646808695,38936.31671123638
19.155799485627995,48432.42363512134
7.014453990514646,20251.95978767665
16.709300137012438,34518.98402939986
2.9758259214534286,11397.032855389672
13.04565140714028,30445.53540197999
15.269613691163457,36862.92117110545
3.9635806326546743,4617.919429218098
9.09404536572165,25942.033801956957
17.96143612073065,43899.98802527991
2.9679908055190714,13160.248801970687
1.343830805828028,7668.847525930936
12.221122201910742,20412.563090804375
9.275099270087736,23453.584580319155
16.17509572879415,42653.76645429915
18.545655225878026,37790.666070293744
6.683919246332506,8421.491161858592
8.379678226213,14056.566593072532
10.239169640256982,27048.46773961698
12.174877748270687,31214.13554080356
19.69322276395072,48817.91150100878
14.249274765770979,33222.25455289369
8.401421639565807,14301.201399238762
6.01158604255878,12930.65138214918
18.947888650020356,46989.97416303745
3.5754202290616215,12853.319995320622
14.685051197590402,37619.2505685807
18.58250548055637,44338.95498841794
13.628646144154335,31232.48952965719
9.038034363156301,22206.034538772434
4.780827858584196,23847.16706594769
7.982031122786617,23037.43357861934
14.43056437898232,33218.19100638283
13.34115025933064,33959.400473345326
18.6315471653688,43377.62342885897
17.470357359528123,29153.93285158394
16.506864293061,41264.15115798357
18.317566631664484,50739.82963377734
6.250405902003939,13599.412462057557
8.02094726265334,28312.073269502518
8.21798417193433,20151.619857209073
11.648561185485825,29764.47935922076
13.69614636131265,37744.092807491164
6.447616977767492,14295.226799080938
1.3697868788767065,13952.04332184577
8.585225289500276,16099.364172203854
6.862031231533609,14348.288718497635
18.90150966134291,39835.41773594819
17.87703577033683,44064.098372933164
17.34590288852497,37987.43372420259
13.406995457959617,24214.118617989894
7.5414941292798385,19000.323899310537
11.428136080586789,23935.16524850166
16.489275773611084,41635.01965142401
2.8735970057334095,9031.018739191302
16.220422724850792,37794.71582920484
1.7824160352343115,6537.469784765266
16.51199959307276,40193.694027296966
16.343712279037597,36769.47074072242
1.9691388677463606,10564.271308928046
12.916053517775307,17865.16421184206
10.546608411945048,26579.471208779025
4.226570560262579,15522.709471076325
3.819199815870137,11641.999357167315
15.69192339527344,39730.809147509586
11.786162227900038,32265.359600764175
19.676983563414115,50875.036586075745
19.662707768478537,44849.47357731848
19.86067287582106,35152.34222829221
3.253694848949552,79.8924539508771
18.826866602315285,34644.52844425798
5.646822571390693,16104.109836860705
9.706032935413628,23625.53942942443
15.390724560612792,37162.64838132545
4.868797709467407,11611.365806148944
11.759920505532268,24837.385153535794
4.530518216293919,16836.276144640007
2.989986026944573,14259.594110751656
3.214613636162372,10145.97659492234
7.795141662116157,20397.90003303755
1.0884418999064862,9198.455516457929
9.072224502832102,25666.166881479174
13.619744996541831,26519.58649508996
8.632075515075787,18666.28175056182
2.6300974098768672,4107.464591526801
2.1910883784491704,6847.643682714188
6.284213742532373,21630.0954317739
4.216941120328414,16165.241575375656
19.336804491141418,38183.11918047004
3.873374274507615,15308.08218314514
16.303786310694935,38036.78814810213
12.136050893081752,26802.468250733902
11.816451479701593,21600.60468388503
10.729533602551907,25584.95034701498
19.46349844616507,47326.71692290991
7.913050726741119,10010.61321150161
15.970399268123648,34960.18254749005
11.550588041872233,39372.59457776928
8.517039684888797,25397.262962618064
19.15385273280984,44606.86794063706
12.368003417929055,26050.080988003538
3.2594219007742575,8127.194612178667
8.933244818940276,22450.047659380736
15.850052825950545,44714.42379878677
14.181193441545062,35690.33283756477
18.41046626689491,37460.140544935704
5.928170298688884,22740.27540929709
15.405680610722653,34348.39018565485
9.737628940495897,32961.99028606154
11.898585192369493,25964.155261550466
19.145886939119375,38275.44509371931
19.60644007979437,45086.02804865659
17.370228314585706,44652.0915481729
7.822844666875628,25832.913317405808
17.866315878819076,41528.59059098221
13.133574375186846,26326.66531053064
9.169938828943549,20813.174048397672
1.679110967509191,-1733.1874067527006
15.632434359640062,31699.26103143602
10.540006033758148,25187.72799302998
15.937581489836154,38820.173682939705
15.212433187522128,33727.59476772036
16.077779992918686,36870.66471094868
6.71237201523857,16443.816806728053
16.215173382284988,41185.47328551882
11.428080240857179,23360.595789581665
9.99319780853372,29174.13518779907
13.82739236259438,42459.188787758314
1.4058149758286178,10175.578231766893
2.9440195018642905,8252.58095260837
6.551369938182918,15421.389155931909
19.676812089198954,50402.8102893184
3.6551697984341445,6677.392467508302
7.281329714424996,14793.637327487171
1.9700082291465486,3117.7741889407753
7.2941087255618,13195.64824852017
7.086199443705801,13948.31729051232
18.98933624794592,46928.197204819306
17.057927652918686,44627.26812877749
8.272520165612658,18059.6749694244
1.4706121027457248,8977.8944357199
16.789591165912185,42374.96570736554
13.550187365746263,32603.195746978337
3.894925189374885,8015.136590663574
19.925354149193556,37498.69962269671
2.904435311058338,15861.00838774422
17.475176290279595,42431.249642001094
6.59105711846409,21066.89370392145
9.271715860177984,18005.197215850818
16.113674008749978,38402.23398194522
13.872658763886195,35890.3154650565
18.819423114436745,44209.01544710922
12.801666183747281,26878.21628345612
2.858393068102002,15778.088686530684
17.802846901597057,32967.53406230025
15.61395497478323,40871.619573601165
14.525538566973118,39456.35685438161
2.020937399720972,16903.526387118065
8.528232148573135,20344.003345894056
4.181280569731245,8365.411056654888
16.61617425974951,42201.75033104092
14.310043833539392,30124.01127164391
17.77847434906357,40776.92625534708
19.364927031559116,42142.54297731788
15.720204669657473,31930.04948224952
19.89042858119448,46385.85449331342
12.680627836741678,23401.176090693178
1.7054624739375086,11371.953356095215
1.2707787878556216,2706.9021334275712
7.499973628871985,11341.290525404338
16.645962662283203,38041.388030614944
17.45655942016989,42071.28810439589
19.25543804763088,46395.54908052788
2.2373079024275495,13566.384458990906
1.8468511087656176,-3074.4997809208326
18.35238833097364,36679.05450716392
6.79588726889437,19125.036010303902
11.601760611583021,35798.537622846765
19.666452777013486,48251.62802240061
8.608522159982543,31723.74457920565
13.651556567886958,29678.416021203924
8.61671170900772,23605.508394425484
15.595698624792815,30691.543211739092
11.02657978588445,25031.398473648904
5.512939621740645,12349.400652066422
6.154815923910858,14139.688551238109
5.903125038229738,14839.004470531157
11.114086236912655,27241.760173278715
14.360591304297621,33832.24593117766
19.0363181008197,45789.903399553026
14.187660126576619,34075.262590087536
15.842664035285422,34965.09992632272
4.209596201426747,10806.29969519376
8.107189875139188,19678.721149484958
8.861824177307057,20478.462647379285
14.041224370008987,35537.304015927875
6.6219475511605985,22571.521055677513
6.762546506973656,24895.315703682736
7.761893938176494,16535.2740766509
16.395739549321412,40138.34022533658
11.974211710823626,21975.02521368387
2.4302683168219548,11726.4102249068
2.4866758941189073,15386.713198693138
8.054451941367487,20360.956374399997
15.565229961517007,41493.64015932837
14.08498510309493,27477.130854612475
14.451664738372546,29460.10306128691
15.576991255027842,35474.933296837255
6.455901544840258,23022.854862609634
11.41686935689967,25746.5914320894
11.323700166018622,25379.63482749337
15.053017522419037,30147.893252947975
19.18054081300728,44375.486848227665
6.281808951113852,23797.093606699884
16.072351782383915,40648.10411023629
13.539440421941986,35562.1341155653
12.024519546405742,28014.166718193163
15.722715807600636,33628.88481888171
18.93661686213389,46259.46330634963
1.6971369395188467,8234.71850086699
3.8006019477511925,11733.162716905477
15.369457398521199,40230.11790906047
2.5920357052916065,9195.134152219562
10.806350314080767,22423.819331235503
5.177354756190533,19900.651989035898
6.2116183730122785,17826.83619819389
14.33496917594391,28484.79163264436
1.5736626921055206,2582.79590985296
17.59306913013617,40663.19763940667
9.44510015169313,35577.248610777635
10.54547258423492,24126.842150738797
11.260911310180147,25840.4533249324
13.265341597010384,39149.53918210603
7.552275145832214,19818.144292711848
2.921042320706335,3599.7503251727285
7.049199796657355,11234.417330573842
4.194700242433585,19522.720353804572
11.566530409559004,31464.833530368953
7.042543988247343,23215.716518650654
19.203276381875263,43117.76997185696
19.348951281625332,40064.34243333668
12.782391730796588,29478.96788297234
12.732448085678433,31145.05225822875
19.722192726775013,40252.82967505652
17.858379873468532,43524.0092946927
15.536329034004659,29774.67722401071
6.9582216231113225,17252.649423346527
7.945241534243451,19870.443706104386
4.8240685494564435,11193.038033036044
10.255814411430118,14484.102047761126
19.81700192065201,46873.35216186029
18.330868107220187,37882.98241223904
3.2486392463699123,18125.818289361683
1.478615496519617,6247.319604618972
18.07411569975706,38441.43345735801
11.206232431025441,27870.074595945265
4.803607875960667,19874.414495073575
13.799412122108071,29781.785928625293
13.24024038066658,36554.16923548204
3.3196265298928767,18840.771264873867
5.932404436454771,21816.42292618927
2.1414813219519013,17415.12009886509
4.987349003532697,21437.928112127738
3.5138078222081948,19602.02711388142
4.6714895570165655,22364.610711111338
14.023875772349223,34088.09919284827
1.9404951409602869,6734.8707840595835
2.9352376897161134,-440.7427967868007
3.549299123487465,5484.932649365952
7.014281298204547,16787.148600615117
6.676255906186878,16443.836376170926
5.846211921016149,15928.451525021865
15.260196415215908,30516.590379188066
19.962432967403913,36945.97787760126
11.14558054894712,26640.04526556061
18.9398516403649,41932.61363667085
8.53559213039523,18033.41405304113
3.0269664892515555,7343.172170251189
8.76670275992691,17832.622560491785
6.626427694879173,16270.23669467676
10.374732283494385,21467.950432012512
13.48382986141204,38267.03638040916
9.759954163895756,25724.891988017116
18.768049729478687,37674.50986882479
17.810531623688217,39218.824340039166
14.337574308157746,27773.720584559538
10.304013334926434,30668.868145726807
3.5020583544746806,18925.05033185346
8.543259668775034,28346.529251315224
14.3836292486223,28043.79534103162
6.412824890520892,17369.314682410906
2.9757734733249883,8943.693569085397
18.250070692701936,44310.20691497478
14.471965386495347,28904.381756571205
12.690252106066847,27001.045742128612
16.057479206569415,35048.87327137979
16.877274714086038,39520.9917738342
10.185720965249443,28842.085471188315
17.74257677677936,38841.51508987568
18.411961203321003,45143.74778427312
6.159470813070847,21429.32341012738
12.543361836025092,29020.647487691076
11.005096547588915,20781.902430849845
11.220969803886147,21585.987930601594
18.815598785326678,45589.832446411194
6.798585351167551,16216.048520761757
19.685245586456947,35807.34455950162
18.14049308128041,44345.74800347583
9.71573488365655,25079.242370044198
16.531612008745157,31033.38861177717
15.61189289208267,42120.88569017857
13.880004422751904,36943.188781292556
7.076843898279931,19847.414053010758
4.732568844598125,8093.540850524166
13.759026238549406,25506.399812672396
17.0164926316206,37497.64282903402
1.3088029848700238,-951.9709780114008
13.21326413086173,33451.929627645884
9.414587467822036,16775.058368742393
18.06366734741269,41951.89834109887
7.1079856862299,17775.31410882617
10.009511433008813,28577.949206502846
10.78057497666854,21871.41197702964
3.668350906050007,13705.349059723634
14.544953751279222,27115.706538385228
16.779050557298234,42535.8488734435
2.1002762610289447,8625.743690670415
6.536387590201152,20552.02852522946
1.7228489491661003,1843.0711641920398
19.174337989076605,45844.097356512044
13.676207593372647,33883.43216826383
19.31980796964085,45458.105402848516
11.098391288294849,28759.952391659626
16.239301954016664,36511.28449408159
8.11386569371506,27434.227489010074
7.722561618880177,19665.633308931832
8.18708852499752,17678.331048040898
13.499380540802136,31705.13011475958
7.829609869411392,15906.630011600137
18.106981580480287,38893.981044306354
19.68222243595295,43478.21179095891
1.5781037914031124,6258.436979576925
4.678842517647434,15354.670399322296
3.132749859160334,20994.306674852305
1.804916894737422,11464.582988705446
5.327078873598444,21015.660983637343
9.489073087012542,21459.5989871839
16.90281694048499,35870.55243844424
5.214656579689926,13538.422924914903
10.384959857581824,30034.365201508033
18.662756049488333,31584.919707822177
13.677079428946824,27188.33498143681
16.16350137536395,37838.681984899
11.468885433524239,26817.309031733836
19.62886271797197,54096.37384665917
12.18458093894801,31607.5779566093
1.8647035652892394,5418.449912926075
4.761673198856101,6635.311055015466
8.690698950185812,20678.59772568231
12.42426627890175,23332.43214441143
15.666686480770238,38667.12621363265
8.84863639217384,23502.80439555607
14.491107795298085,35582.37525105983
16.007520559073374,47410.924442121934
7.0279437477496725,14518.557588397856
19.60613456068055,43250.24808238157
13.343473409480875,25624.368096517206
17.738963154936492,40074.93372912236
11.562816087363528,36092.00025447719
15.09045903589415,38024.53006739066
15.640337170710941,35708.23911347587
18.256719205457003,42771.589655013464
3.856645380556036,6659.012571394122
11.607385059215721,26246.101559959498
9.13919174901127,23704.646370874474
18.540021402301065,42577.15273814483
2.996799190730985,3340.5171594688863
19.668903884937343,45975.92366604859
17.63357515777263,41663.13277811631
2.402699349720722,7920.142668077552
10.328361325269015,25677.59764595053
14.633630504037992,26849.803241235975
15.024879368130073,27650.780659638407
18.223388379520497,42120.21307073218
16.197443276063908,34056.270597547
6.9076772265377,18757.576851953894
10.470260931386596,30137.975224361217
14.333929495781227,32798.20934003667
3.6302999859226768,-1792.7403023006318
4.68582515440375,13618.382118703032
10.13980651408758,22874.392918204983
6.666670175404741,17159.868579194885
17.388625745897805,44275.90555465337
12.13926910889174,21385.88728807791
7.624638756648986,21469.060632837896
17.127827486483792,47107.17453252374
16.29269052253054,34455.66547021879
19.968742664886122,47299.12476070093
17.098846078340962,44029.22105153593
8.874674161307913,23800.505518126298
3.4224787536297807,8419.472605602426
16.97217725580908,35396.74945807816
2.1354004412474854,12989.801651324884
7.655152939552229,23271.05133301313
18.4750216346542,38017.70119395227
19.25456299545691,37626.76021910841
13.17072727690315,24937.420983061318
14.084318022690557,41476.895351304964
1.8066352857849273,8273.54496961736
10.77512648070141,38351.39588966989
11.390495397320482,30558.718809993676
7.461914176358111,22121.439966885213
2.3033398603238027,11138.042162173524
5.3492443947634865,20694.2380405138
7.80169480036273,15773.073675505111
9.267697743810263,34335.4610294742
12.227607785137815,28953.707057216474
14.725438855266491,30933.877249568923
7.035005592204977,20582.816195852054
7.250121438460679,24961.937257075348
1.3741412117503706,2710.508044585862
1.7766223417863478,11387.591545778052
5.898612191862192,13215.003595791997
15.064654955824176,32597.942245775906
12.937962777104332,28428.51346043351
15.62599139287886,40069.69011818732
15.609469288081613,30673.57491719134
17.274781885716724,40512.64432160651
14.686066053750787,32655.042787088612
19.601207461015633,39966.36403223862
18.07767916673453,35087.74031969666
12.14762615824145,23280.81069390289
12.174995739332264,21181.01139040054
1.6510737666923605,12782.983502131061
19.97200497645873,43735.74413976136
3.499943949956694,12793.147550244603
15.066596736000248,41024.140294408484
16.59928870736187,32097.991630065975
8.088036056798861,16468.343737019146
4.7401890386409615,15753.95576075084
2.8764378490205456,1632.4779376392562
15.223514110761979,32553.48565653961
9.600417054908219,19576.368744314103
14.560637421021578,35768.88705289084
18.392745328184212,39656.41132454908
3.785090986870077,22610.928370624944
18.464249013752195,46617.95488785137
8.820902730660297,18375.613039944037
6.800073188048492,16663.579188812735
18.918182951452803,41098.44333832838
19.822382159521588,61177.63606459599
4.7789521375815145,7006.906055272324
13.479928592087683,32977.55568619843
3.0234109616501468,624.6612464926475
13.36736607329261,31700.044940555606
16.718951327741145,47987.35546502735
14.005472383957285,30968.667609544027
8.929329699189319,28381.43150573888
8.278260831711622,21225.945533657225
8.469325889244924,19826.158194362673
12.20452454186554,28150.7672889991
17.749778131377415,37565.04303685482
18.65225698810659,39174.22261676406
2.017062783939044,2383.1535062556095
4.4508254982680775,21435.654641283374
3.132262000737482,9299.142022507747
4.673358174571366,15815.587902971496
7.585548401574264,15788.437545949599
10.624101969829853,31833.156736736455
12.959763313173891,29551.747736808633
14.910702163654328,34366.24098801963
17.912119286330334,31679.355396180938
19.792680307366027,46565.241670430114
13.594273092585276,41246.07470927178
17.061925854687495,34778.46377937543
15.78273809156928,34274.33041462615
6.8431087451555275,12994.597699235976
17.638153134463536,40922.117140128954
1.812499621008178,8945.120231550496
1.0069795312776995,10539.364570027745
6.20091995838082,20159.207650766235
9.779853062921548,20497.12589491509
13.12889500501287,32382.530255347607
2.933635064346351,9225.764595080338
13.787192542861959,27119.22019884035
16.2345014741342,36834.72358345533
4.520945472007969,33050.192018851514
8.887379841804083,34350.6128536379
10.879714809112885,27458.56260706403
9.584333343605133,32862.95272726405
16.196768686880944,37166.62055303052
19.249925564267286,43234.15943132717
16.18011011615542,27612.36129416202
2.481863539640667,5163.1992495599025
16.293775871023414,33670.05542211444
2.2653303124754722,10068.255783278095
5.48343731958983,16036.79731347604
3.9088410398787334,9922.97032279813
4.752863030075623,11561.660062482028
11.037987414089661,26245.20915013956
13.762107294606219,25617.156335801024
9.936104364384779,21809.01592692676
19.23421714155563,41561.984934069784
5.5655540805731665,9886.36349578196
15.499664374841066,34348.13928335941
17.53346139163582,35892.8869655991
11.679256104339663,34535.42416872671
9.668227537269509,23117.43608884341
12.32750448880563,28707.28063632838
9.147385633046516,25434.911801199873
11.54868376414402,30882.209112491186
8.92174509044723,14162.281159393704
8.608924495588546,20333.928445639416
14.211582894651066,28878.004158041676
2.764173048291391,9802.49487561669
4.164299381847595,10646.93615770062
17.172770962585076,40130.8892394592
15.650469589488573,31398.642951166366
6.347620818593482,14856.405429586028
8.168109720649444,18380.42109668712
18.59450362594113,47601.96410423672
16.543467278303364,39926.95285300944
12.672579699612987,32189.6029371543
5.208313397256197,13985.035390462266
1.8407874549901222,6757.985649512475
9.193899089996066,26192.81262248032
13.779915645891776,36447.00096075248
16.74112931983918,38557.99256782257
17.201091109103118,45110.42194558674
1.6227421245739042,14616.259386723728
5.638983642900708,7954.477088856844
7.442797181070658,22037.488786056565
4.585912008228331,13958.81437400148
16.25653218891292,39454.50844766705
15.581849498613908,41743.58163736152
10.819827767238445,22036.96471901969
19.675603081921256,36249.83565172971
3.737112280726003,18005.181925707235
18.093382363225707,36194.341501799354
3.2128018290764073,7994.506088547636
4.100452404768293,14224.009276634839
14.228164804761757,30025.820503716735
3.081824148792097,3202.595156006205
11.751056812955506,28673.062462989637
8.984437192980419,19061.45109115154
14.841005345279282,37671.310079909905
18.112829537368437,38695.2762943436
15.627558778712052,32812.88686382012
17.144107652002578,38238.21260845411
1.6259635220934152,13512.694428380182
6.893714466639859,23326.949341468142
10.793228647040316,21120.326381782033
8.90311297796581,36804.764201366204
5.393844106614081,14158.806590303018
6.849607861240442,12937.13707768338
18.963188437440508,47367.53682512491
6.58943671755568,16370.511148339601
7.724178093415929,31216.953726030108
1.070485701250355,11378.01317990838
17.056474918279616,38119.35060501539
3.941973364629956,20760.481117920932
4.8787412347607955,19003.058526873814
5.850025824748486,10555.575664822522
17.80781908005201,45057.608707966036
4.92257681367998,12262.716417617707
16.15300085649086,36889.37028674834
16.352937466135188,38361.147178357685
18.61339080694152,37831.30155255173
3.195664958405965,4724.6185223584225
5.128300474418795,17095.521003439073
15.115067549533705,28288.9676057181
4.7240143313340415,1572.0155288217538
6.4402613905955315,13699.994759333913
4.168090022115891,14991.642151673774
4.281237036945937,12213.068406042052
10.149513737935909,31634.682178972176
3.083978180146212,12086.723837450869
7.112254750808822,15392.961241882236
9.105284282378701,21012.650812359934
1.4664142139555743,750.1216315652564
8.3783301630146,27185.64644955885
2.788326285624822,3671.1521408348563
10.377992091777356,21153.946022958367
16.689025582584833,37576.62006302652
16.550021081453956,38111.808485362024
2.52852179521061,2543.791772872275
12.423327395815884,25318.975815534293
16.857141257453492,40039.48552610358
5.521478315758071,21691.573426501112
15.476603717542384,37698.22524553564
17.924522582551774,40719.99635714928
16.316358877368437,29820.67408538622
3.038719598794586,7990.72746482872
1.172139990925313,9951.751188405897
4.642758088515067,19690.24952630457
6.139069477985841,21725.018496747958
12.70747682170323,31105.311865634492
8.30119032960405,27625.382992453993
14.364733582567997,48136.77073095582
7.708424249910563,17447.53892290769
3.9340830684374057,9052.58716014963
6.9411070262346675,26474.62868136794
17.802160301393563,41781.643229714224
19.21211454065623,43985.76752344881
4.942741947280001,16847.35553285563
15.980899353464386,33689.36618100397
6.193625994257543,12213.275564762138
17.855499325196742,36825.26110265193
4.145366643128854,19520.464570412783
13.653238455187081,25123.273586951254
2.6000140295504677,12693.301287343684
19.50397315550352,41219.5090108795
14.312033548170314,31857.23265276391
16.994499048696618,42703.752980434896
11.766717447897657,32753.379462584788
10.059225914648344,26833.33451863137
12.815765436492937,21265.93256115584
11.046088722289513,34947.00098795798
9.918302747757906,31387.58808151361
15.429554777695213,36316.29372134617
4.385818143846095,13822.925372489246
4.2522689149480115,22511.7838729968
9.205010362344417,28146.14208115747
7.094210404853975,19041.94879183335
2.408365840347458,8355.038301439195
17.044939355955954,38122.193156856774
15.660453327192645,42207.06692637112
11.33450849625671,32868.97591604686
19.60716620802301,36147.217358552
2.379401264404501,12082.014523139322
15.566716719529625,40454.04009594728
6.061037440572839,9589.759051287088
8.003379478927933,20991.93520066425
5.166308318858284,6447.398605833974
15.99171993777544,37630.90405525781
3.740561938409754,2064.9513672547673
16.96031725697028,35511.90689540097
13.569975316366843,29084.621060258014
2.12144166011318,5698.634219513329
16.408652900402913,45074.94588567866
12.92735860709661,33532.27006288873
18.194664071988488,39391.48384235998
15.225723821764127,30786.05843905775
11.66129762116572,27128.71365810528
16.894396431764758,33643.22802203294
6.28295452772322,22431.309076194768
11.392051175046708,37767.932357832346
6.578719576264793,23423.438642940142
19.395883430719664,45450.21858916507
5.297729715998121,14767.315515530512
1.2990265537387877,5572.521660170269
7.191241998072128,28108.906859582225
10.547678542426288,23215.679047244903
1.5388957503714265,15883.284285221602
11.62571770064424,22593.739191187735
17.611372724073373,38741.58717615571
14.389911693916732,25209.540424229534
12.836398136587782,31468.967279316967
19.163273263456773,37007.90841753251
19.20730734300001,51739.861719952234
16.661062924361342,40383.48720702804
12.54709510033117,32781.17393504643
10.267526630456427,26948.4455067367
1.2530061516828788,2043.3082314100684
12.518976218304287,30658.54387527771
19.79267343178022,53770.750302899156
16.54391995045655,38130.61453094466
7.471488233802687,14857.895459481311
3.8888934758440183,3516.0736682128554
15.897113674875927,33227.59239779147
15.13481859200309,26458.492696301786
19.37388904760714,47900.364940427266
17.622004876847438,44149.8460846061
11.55758988017574,23736.770624248733
2.9244006923301007,13918.70792700733
10.186512509295241,22490.75175380557
6.960206026424023,18692.340638973754
10.735761158471956,28331.300074768806
6.732329918153411,16244.85979110936
17.37463684753632,41840.29043833823
17.04221326567362,30655.786279009484
6.9938379861740625,19575.05091228797
12.392045581105904,29609.331050273136
9.173436295142029,13114.906909043504
18.2727623835427,32497.073803427964
4.559857127100132,4822.096226065629
14.256839633914227,35585.21343744821
19.437131228907116,44494.06059217254
4.330234871698713,15030.257629267628
4.837362140059861,8042.831817578915
14.18074343477233,39056.35592287599
15.803924565973364,41522.05523103368
10.320432041084722,21806.048907052802
12.584042837795305,36048.38705785959
5.040965767424747,13827.319550943692
10.055670342779194,16230.315565508232
3.129365736623388,3095.257642492312
7.107016580237629,22882.650599750286
6.410814395588131,17301.384737831366
9.44788184194598,28301.888416161615
18.672400882630242,41902.93614159842
4.444085580809006,15226.525628421903
8.62637668586969,32870.38548664025
12.69634716308325,37376.939764323506
18.984584635406033,40805.03292776002
3.5298156391795956,13934.474901874823
18.43965572286916,44351.53866104726
2.5400219840471694,13886.999805574873
10.134086546045024,25623.217118030196
9.637207477379173,21806.75570228316
4.982451848666716,14946.789611150925
7.601733694201102,17802.031841010325
9.629140098619564,32675.116603438095
17.439017795301954,46081.66678478052
19.146218762097636,42274.36242979833
10.85958789410614,28860.63709168134
17.531896015594015,39236.495710009585
12.555260127858809,36076.72593555868
7.632659497765833,25509.72157762163
4.689689944655912,17222.434052866258
8.84956066387253,27055.442675817692
10.933661375553108,30170.17679131411
1.8444243769315674,14559.15802290463
3.7709821515461637,15197.621169738315
12.40350405564736,30566.510756867334
5.2750302988660795,12663.93247973597
16.90920114554465,30959.648603623387
7.211902745709621,19284.56358888568
2.9918499378117667,7278.422208602886
2.5870811825510236,10474.207699887666
18.805337390103812,48313.116901143076
3.2423859135957045,12348.895204393175
3.6772855190791405,10279.562682610162
17.390655100722306,35515.66707713641
5.831474475269536,9512.272913419414
13.653076804333907,38970.18028545525
16.517788053567934,29152.121012489617
12.53643216247365,25398.949193791996
19.19228232550914,31818.554982532944
14.468775085955986,32356.84229316339
3.1422786881695086,9573.134577536108
11.609790504371718,26198.108905595967
14.645543995694494,33975.438491506975
16.23718756709546,33368.04976210213
1.5001053703977392,3431.932538351809
14.658699390157064,43406.530846619506
16.68793559936954,36705.556456922226
15.189842407771774,39917.97794027737
10.734633767456364,22285.412321647786
9.702398298687255,32468.439571134943
11.438953082696502,35448.816820431995
14.38823027770544,34931.55396649726
18.535371522017222,36573.08507918703
12.723669002181374,30882.34493300105
17.868851819385924,40974.22613897713
14.32388010146882,34845.879773385124
2.2983911713381038,4705.679261677855
10.515735610030815,18416.47053916516
6.443240617989605,18698.296422889383
6.418323634518873,17785.190687369155
7.7626234731037,20535.622055804233
6.97992266800904,24093.848230272917
11.993589622224903,21611.376829292978
13.988428506717584,38030.32559337419
6.1062383544579735,13496.339008829356
3.4654898287992455,9954.869328348193
2.1173656977547797,5105.834579253207
11.939304055580493,29326.707400357245
4.536473160327045,4543.856946654452
1.175711890250288,4510.995179064608
18.627308507150378,39675.83428787399
11.205667962581572,33730.98693697912
2.7565154246924823,11266.521568321055
17.015501130422223,42508.593818325964
19.680852027512245,44391.39812695701
9.523412578336627,18802.323299359683
1.8073025565250052,13150.629453966249
3.2333728743652066,7239.539038392575
8.251421186263212,18871.62566866263
17.824930111528666,41560.35911710516
3.8127349062774787,17353.16375979049
16.655811786051217,37304.700855688716
1.284548944161369,15121.721548239115
9.690385276930408,21523.37847860032
13.243545678060794,34815.03779089475
2.1472101584863315,9312.501821726179
12.680492261713246,38094.34371448859
18.943678307921566,43959.38668214805
4.044938482595306,3703.312874910127
14.862616277671703,40166.90860439094
12.572784060927324,29737.825555152012
4.51721138870538,11269.113222068845
1.1178648794779544,13350.553568560103
1.1764045596126145,5696.26593907772
11.109755774268544,30219.445264348797
18.912808781662676,38983.700966836965
13.241673921846635,27302.697209553335
14.57169707958113,43196.30296208031
10.383444251490205,21831.72481666698
12.055889910056827,26187.925138026312
3.400982981281466,3260.3620032245162
17.659591787611987,48469.09479526309
15.455059944669236,37900.11150581396
19.96578010404758,46120.45837535815
6.656736003556805,23189.164060006755
5.3133376641251,8979.992481578864
3.3780715012655156,9050.909092932678
19.319985375704853,43182.78209516215
15.836818507932449,28931.28176222259
4.160167660673135,19877.470953096024
11.501042951056064,27909.940651145294
8.861595953278258,21106.748725279016
3.8782341483176634,13937.595744476745
4.079386715569344,9395.862009454693
19.305929900158528,43837.424819381886
6.794319476196722,35726.33168740591
18.887346541994923,45798.103235218856
2.4366027882366037,18214.76087464483
9.755257803570622,22735.09999486164
3.4627619218184416,8167.678892982192
1.0909603195822712,8730.43858602284
11.521555400415455,21334.586083710736
3.163987991415905,-206.81284439716364
14.718466087739914,38094.89470059052
14.264211138431092,36735.11300172333
4.350325241825294,17869.906592415948
18.893100722044817,42927.05081003961
14.699824760217302,44291.51301983291
6.661435018981669,17886.22910267526
14.475441515065022,31181.059326177157
14.906675275949183,19780.856976861734
7.502300293768251,19768.771249270292
8.136182686767725,25431.754298833846
7.823023645412702,20680.35328352289
12.715750427489407,36052.60952721262
18.10779278426341,52689.991399803774
4.290671488343165,12714.591934800332
17.62879258689005,46413.85297174664
1.5254099736015077,121.55707130289375
13.546433323586227,37249.462168955586
8.87433859060419,23066.129583142225
16.03434949241738,35961.74649309944
14.702764145687157,33588.533691341865
10.122048335758496,24462.57932982378
13.233416697729337,29922.818848732426
10.533689483298959,27060.74381734624
16.41885094181578,36966.24121329955
10.045595733396407,19312.2290719768
10.93996380984944,28965.1970646595
5.759891141926393,13480.442541905446
12.495817319398974,35231.567712758595
6.7551913647268655,18341.24789659183
11.968396276316659,29571.912319239265
4.223884195907328,3201.6088255913237
4.029912754482018,6776.424868123425
8.923565082647876,27545.202132833
9.109570787100276,19550.05794406966
6.094076033338242,14525.963771681736
3.50034015696711,10610.980477592822
1.745000245064044,15308.7134542648
1.4794047184685066,9829.49942594493
6.159455510123038,23870.234037162718
9.775215401076805,23211.69181449765
14.798622344816414,35663.12600846478
10.022562313566171,19028.907350252462
18.176965569270354,47244.087314257566
1.6691762869327345,8881.593592339736
4.432551809272052,14085.749112525482
7.4317753626327105,21555.128421393718
11.972427573237328,36178.81551607627
17.201986999984907,38331.498467526864
7.653837087174953,28622.868963124438
6.0917849675839815,12925.957013149007
2.175894208015019,11462.711455875497
16.604766076263978,48255.62495840234
8.213662420926902,18978.251185560795
11.859453712921752,29945.1866930606
19.687552945253188,48762.63120468854
1.030296841481597,6371.095188469661
3.763552673278453,5025.338965735257
15.803108886367754,31326.420977390728
16.297422218948917,40499.507382167
15.615695261622353,40688.96712319093
11.202978929813757,31328.734531232494
19.598282639438064,49928.725348215354
8.52750663991109,22414.93925450229
12.436930264149135,30915.026381853302
2.204011086428118,1813.678877068589
8.787291548239436,24161.227864990557
14.727501662688518,37518.40725233253
5.536037974643286,13156.01947520664
18.93272419238982,46085.45687925419
14.048883985222492,24018.323747855866
6.463932274293858,21683.3625375604
15.610979531411271,37723.380680926544
2.580130664354073,20713.30399664824
19.520714027698673,51106.85573972368
1.936419922397612,16407.74163758787
18.735661931825646,46558.30934549212
5.804223677216962,19841.525424010215
15.398658046126918,29889.159517689193
1.0014002892290157,5327.344076699099
5.830561694412395,25794.765742129115
15.232911526344678,28185.00080907391
11.114385347049122,24977.361520032595
3.1840908431051824,4272.011282137013
8.47896517090823,29212.689411977095
8.135437746606309,18441.96885048456
11.795082639438046,36312.83710853255
13.691564376744138,30314.316284891782
16.97577460583275,36430.88881084681
10.447396542570079,32287.439030063484
8.448412628798232,26590.983889565345
3.7355541478122523,-1110.2932504633682
16.29163633480472,39838.976618895445
14.55403770287664,37108.909797014734
8.76487055163902,23578.775757782594
10.85021388891072,23412.137758697565
13.638474043825887,32418.99031084972
4.1313062071032185,11272.305009378115
1.5167580937504848,9090.131325550847
7.032570284547023,18053.169254788714
12.316115373087099,26522.58995497947
10.245515734347716,26309.883700218506
14.158537910399414,37329.27037172079
16.574106305916168,39593.24207380917
10.280406867875243,22792.60178609433
3.551073450638672,13783.417003129396
17.16193199618035,44672.825951655526
11.924816218208173,36826.653279297294
15.058812134874543,41155.387190546266
14.38862841855754,36464.15780391024
19.396023655293593,38746.427154517754
6.6108391243804645,11393.914614156572
14.400828682805978,32789.7512970166
7.947850329392447,13849.77675100408
8.512803697454192,18101.683749605243
5.3812980965157085,14911.984669275587
7.536193337366224,17651.334566037935
19.017638281507,41395.68628146191
6.558846092004417,11477.669047518284
5.673821513175148,17504.97682531635
12.079621591002617,34141.78343733977
5.902683178093338,14064.679017240831
9.994328786291605,28617.434293539278
16.849348874568502,52012.331317727396
5.377605971836336,15296.156793000408
9.107136831494481,26470.323702736605
12.599304965380606,31182.46038119799
11.366949566896224,32582.017779912683
19.519741510889506,35446.23363871854
13.927034833508706,27569.285827291333
15.058978598920357,35835.27683819762
19.37216301136793,48179.13885352819
8.874322479341899,23401.2650880085
7.752216486159973,12181.56671748173
1.8333861655612684,4548.70594883056
4.499881823857716,10026.233059729348
5.506603008981841,17958.165742978923
4.486584874355431,10162.974949508727
15.340893970734726,32277.752417465592
11.181776644246122,32787.291171680765
13.685042227710879,39046.66583941471
16.588781055948097,36111.188085216
5.384704884431999,17893.923130613362
7.192554856608484,9977.69072056026
14.45884507369534,34909.325444167385
8.462419972184982,27874.7301933491
1.5561478619198388,10746.204250126424
9.26414916151068,24033.60254480872
18.25718864189287,39571.16241642256
8.77140872026462,19308.85736257223
7.312729412412193,18730.046798855376
19.800976575955517,36844.74746072948
13.24389572050325,39540.08633249772
7.953962502952436,23728.978207878958
2.93837109591234,10364.557020758262
15.969139453982002,33839.255033827314
14.453423736267395,33555.149371746076
18.516400185722734,46021.77508275968
5.128236970532158,20313.71339715905
3.1835626497764076,6848.670649224104
14.757378001772208,29647.11220267614
4.864520997975218,25120.19180999181
4.3459729180004265,19374.910124579284
7.07633937252537,22695.27844919077
16.519677688090315,37346.12415759378
11.251195497082984,32122.49268547988
1.8711567469433383,2376.147614731095
9.813998818527027,32286.839744729255
13.99561261596303,32812.36410824026
11.2290003309113,31412.308172616362
11.876554144974563,31984.197164425008
5.270769239460628,14883.683922611615
17.107047300311613,38337.262825135884
11.666575634231359,34441.06697484264
14.551674247772855,39235.835518458654
19.655420123252746,35449.684646603375
9.135774495816111,14809.520306349934
17.74026564085366,35749.42817992653
1.1383392648813753,2808.9515382642394
1.6347385596872819,2676.8477564384093
12.215318512847523,30791.190242006487
6.917538515301812,16516.55479493376
5.717254773374305,22465.13265555946
6.280771786970213,24825.93240152571
7.049655757601164,18955.895327714363
14.850006226725036,43117.30219681453
11.814723472387946,28750.518495479508
15.991683478627335,34809.41372350517
16.773735016865984,38871.39873020154
17.01576232672436,43755.82466341405
8.878238834322865,14684.172805146241
9.004194530011805,21965.392448901333
18.599051722671096,43685.13174692655
13.5735082974838,33962.43992116031
2.5288764956036367,8215.571274592718
11.301552127756898,30047.03296873115
7.764137933063233,21988.88395588078
19.7612648046109,41562.98904185983
1.2594527227835588,18426.898590260993
12.631436588340602,32460.624206837743
14.748838793578303,32841.76083628746
6.4892286557897485,15119.8621441873
19.49918884687411,49145.4222849028
17.331195913412515,40172.690782145364
18.397403978730438,54535.37144653683
1.3654091276794211,5551.1976405984
11.82757087498137,22442.107057701294
6.598354597136387,18058.216900104762
17.131544063777596,40138.42542174241
13.024143481384286,20456.033789567093
11.238663082101086,25931.48359229477
3.1771752238365085,9512.273240735038
11.264233290937625,25684.6489008475
13.006178780772107,27861.22882339119
19.162333876893886,36608.70503834557
12.115969198053522,33022.128653215834
19.380611433167434,40842.018646386496
19.27051619652658,38422.52513104889
13.353806380838352,27907.941422587166
10.612251698243686,23862.8871977526
9.854413132694937,25252.06188895501
17.91719266119987,44176.080254202185
1.5368769764633785,3307.8564628514023
3.1623557624478598,8928.224537123555
2.9393628532638854,4151.187066427898
15.38177117730004,18802.042387488204
7.45336945319816,20685.708560054263
13.121402350073318,38842.82228765036
12.471875173008746,32554.166612781613
8.330731425108102,19126.16306950126
11.099786722605574,27681.969158237327
13.257632137861542,25641.16377074778
18.878056267684627,42144.65074520635
11.937047384358648,26735.548503429414
12.672982723597972,26082.394286859027
2.2892605363717338,11606.782221766736
19.092100480442127,56183.53678277954
11.033556630278339,35394.36079273025
16.224194977338513,37088.02484806655
1.9555301998003922,13331.633673180093
8.997292579004728,27308.122328357586
5.8825337239013304,13527.377319373569
6.072542075083209,20364.604517669493
16.03762086925766,29870.281245984563
12.853467780108218,26680.443600958526
9.355160925014113,24904.086202058883
1.201129052141475,5328.319792497321
19.333630915965067,52449.655047081236
19.278441813758754,46797.08580029423
5.133491995320731,13356.7933848116
1.7855810740145772,6218.263582461743
11.073787897226142,28082.4288355187
19.076805477711744,37875.95451221257
18.297521069533765,44573.10190554027
12.108594413898535,22340.67907806969
6.767428162420437,21649.907304644574
7.2692567916147235,18715.539923327382
18.060357478234526,43193.78254692537
